Date,hold,ton,usd_flow
2024.01.02,878.54,-0.58,-38260473.01
2024.01.03,874.21,-4.32,-282751453.88
2024.01.04,874.21,0.0,0.0
2024.01.05,869.6,-4.61,-302811517.44
2024.01.08,869.6,0.0,0.0
2024.01.09,869.6,0.0,0.0
2024.01.10,864.99,-4.61,-299724295.88
2024.01.11,863.84,-1.15,-74656043.0
2024.01.12,863.84,0.0,0.0
2024.01.16,864.4,0.57,36931690.62
2024.01.17,862.1,-2.31,-148434953.1
2024.01.18,862.1,0.0,0.0
2024.01.19,860.95,-1.15,-75101704.96
2024.01.22,858.93,-2.02,-130989082.67
2024.01.23,858.93,0.0,0.0
2024.01.24,858.93,0.0,0.0
2024.01.25,858.93,0.0,0.0
2024.01.26,856.05,-2.88,-186841035.5
2024.01.29,854.89,-1.15,-75045262.59
2024.01.30,852.88,-2.02,-131736782.07
2024.01.31,851.15,-1.73,-113855515.32
2024.02.01,851.72,0.58,38036608.49
2024.02.02,851.72,0.0,0.0
2024.02.05,851.72,0.0,0.0
2024.02.06,847.69,-4.03,-263841833.52
2024.02.07,842.22,-5.47,-358191141.36
2024.02.08,843.66,1.44,94120588.82
2024.02.09,841.92,-1.74,-112876591.51
2024.02.12,841.92,0.0,0.0
2024.02.13,840.48,-1.44,-92295126.14
2024.02.14,839.04,-1.44,-92173621.49
2024.02.15,837.31,-1.73,-111263082.34
2024.02.16,837.89,0.58,37261388.07
2024.02.20,836.16,-1.73,-112668762.97
2024.02.21,829.82,-6.34,-412054737.38
2024.02.22,827.81,-2.02,-130938278.87
2024.02.23,827.81,0.0,0.0
2024.02.26,827.81,0.0,0.0
2024.02.27,826.94,-0.86,-56510723.7
2024.02.28,825.5,-1.44,-94137170.48
2024.02.29,822.91,-2.59,-170503956.22
2024.03.01,823.77,0.86,57978670.47
2024.03.04,821.47,-2.3,-156887767.89
2024.03.05,821.47,0.0,0.0
2024.03.06,817.44,-4.03,-278776101.39
2024.03.07,816.57,-0.86,-59951095.88
2024.03.08,815.13,-1.44,-100871515.62
2024.03.11,815.13,0.0,0.0
2024.03.12,815.13,0.0,0.0
2024.03.13,816.86,1.73,120861346.36
2024.03.14,816.86,0.0,0.0
2024.03.15,831.84,14.98,1038726145.22
2024.03.18,833.32,1.48,102726827.6
2024.03.19,837.35,4.03,279514792.68
2024.03.20,838.5,1.15,79919764.99
2024.03.21,838.5,0.0,0.0
2024.03.22,835.33,-3.17,-219795243.73
2024.03.25,835.33,0.0,0.0
2024.03.26,830.15,-5.18,-362565975.39
2024.03.27,830.15,0.0,0.0
2024.03.28,830.15,0.0,0.0
2024.04.01,826.98,-3.17,-227756348.19
2024.04.02,829.0,2.02,146523087.55
2024.04.03,830.72,1.73,127445379.41
2024.04.04,832.45,1.73,127133183.98
2024.04.05,826.41,-6.05,-452135304.05
2024.04.08,827.85,1.44,107925856.72
2024.04.09,828.71,0.86,65082885.21
2024.04.10,828.45,-0.26,-19392965.68
2024.04.11,830.75,2.3,174386860.48
2024.04.12,826.72,-4.03,-305355926.71
2024.04.15,828.45,1.73,131395233.52
2024.04.16,830.18,1.73,132782524.37
2024.04.17,827.59,-2.59,-197580725.72
2024.04.18,827.59,0.0,0.0
2024.04.19,831.9,4.32,333000821.79
2024.04.22,831.9,0.0,0.0
2024.04.23,833.63,1.73,129267559.83
2024.04.24,833.63,0.0,0.0
2024.04.25,834.78,1.15,86254160.28
2024.04.26,832.19,-2.59,-194486766.1
2024.04.29,832.19,0.0,0.0
2024.04.30,832.19,0.0,0.0
2024.05.01,831.04,-1.15,-85141351.43
2024.05.02,829.6,-1.44,-106392948.62
2024.05.03,830.47,0.86,63829573.94
2024.05.06,832.19,1.73,128909840.29
2024.05.07,830.47,-1.73,-128553630.42
2024.05.08,830.47,0.0,0.0
2024.05.09,830.47,0.0,0.0
2024.05.10,831.92,1.46,111050258.35
2024.05.13,831.92,0.0,0.0
2024.05.14,831.92,0.0,0.0
2024.05.15,833.36,1.44,110520297.68
2024.05.16,833.36,0.0,0.0
2024.05.17,838.54,5.18,401779835.14
2024.05.20,838.54,0.0,0.0
2024.05.21,838.54,0.0,0.0
2024.05.22,838.54,0.0,0.0
2024.05.23,833.36,-5.18,-388893923.1
2024.05.24,832.21,-1.15,-86327271.15
2024.05.28,832.21,0.0,0.0
2024.05.29,832.21,0.0,0.0
2024.05.30,832.21,0.0,0.0
2024.05.31,832.21,0.0,0.0
2024.06.03,832.21,0.0,0.0
2024.06.04,832.21,0.0,0.0
2024.06.05,833.65,1.44,108894055.5
2024.06.06,837.1,3.45,263142202.04
2024.06.07,835.67,-1.44,-106629167.58
2024.06.10,835.67,0.0,0.0
2024.06.11,830.77,-4.89,-362885480.1
2024.06.12,830.77,0.0,0.0
2024.06.13,829.34,-1.44,-106390918.32
2024.06.14,825.31,-4.02,-301696343.09
2024.06.17,825.31,0.0,0.0
2024.06.18,825.31,0.0,0.0
2024.06.20,833.65,8.34,631401943.66
2024.06.21,831.93,-1.73,-128557600.21
2024.06.24,829.05,-2.88,-215513443.2
2024.06.25,829.05,0.0,0.0
2024.06.26,829.05,0.0,0.0
2024.06.27,829.05,0.0,0.0
2024.06.28,829.05,0.0,0.0
2024.07.01,827.61,-1.44,-107637515.64
2024.07.02,833.37,5.75,429694602.0
2024.07.03,834.8,1.44,109124705.62
2024.07.05,834.8,0.0,0.0
2024.07.08,834.8,0.0,0.0
2024.07.09,833.37,-1.44,-109131524.14
2024.07.10,833.37,0.0,0.0
2024.07.11,835.09,1.73,134002167.6
2024.07.12,835.09,0.0,0.0
2024.07.15,836.53,1.44,112029124.98
2024.07.16,842.02,5.49,434881541.12
2024.07.17,842.02,0.0,0.0
2024.07.18,840.01,-2.01,-158707223.78
2024.07.19,840.01,0.0,0.0
2024.07.22,840.01,0.0,0.0
2024.07.23,841.74,1.73,133408030.98
2024.07.24,841.74,0.0,0.0
2024.07.25,845.19,3.45,260961544.91
2024.07.26,843.17,-2.01,-154045071.6
2024.07.29,843.17,0.0,0.0
2024.07.30,843.17,0.0,0.0
2024.07.31,846.05,2.88,224352903.95
2024.08.01,845.47,-0.58,-45027459.95
2024.08.02,845.47,0.0,0.0
2024.08.05,844.9,-0.58,-44409281.41
2024.08.06,848.06,3.16,242967179.55
2024.08.07,844.04,-4.03,-309408964.97
2024.08.08,846.91,2.88,223935098.35
2024.08.09,846.91,0.0,0.0
2024.08.12,849.79,2.88,227643305.95
2024.08.13,845.76,-4.03,-319254910.54
2024.08.14,845.76,0.0,0.0
2024.08.15,847.78,2.02,159514133.99
2024.08.16,854.97,7.19,577450519.1
2024.08.19,859.0,4.03,323776032.33
2024.08.20,857.27,-1.73,-139286921.7
2024.08.21,856.7,-0.58,-46374745.55
2024.08.22,857.85,1.15,91657546.99
2024.08.23,856.12,-1.73,-139121326.9
2024.08.26,856.12,0.0,0.0
2024.08.27,856.12,0.0,0.0
2024.08.28,856.12,0.0,0.0
2024.08.29,857.27,1.15,93381188.87
2024.08.30,862.74,5.46,437953309.11
2024.09.03,862.74,0.0,0.0
2024.09.04,862.74,0.0,0.0
2024.09.05,862.74,0.0,0.0
2024.09.06,862.74,0.0,0.0
2024.09.09,862.74,0.0,0.0
2024.09.10,864.46,1.72,139310152.96
2024.09.11,866.18,1.72,139297608.4
2024.09.12,870.78,4.6,377240298.63
2024.09.13,870.51,-0.28,-22978061.9
2024.09.16,872.23,1.72,143078813.71
2024.09.17,872.23,0.0,0.0
2024.09.18,872.23,0.0,0.0
2024.09.19,873.96,1.72,143495438.48
2024.09.20,875.39,1.44,121052448.79
2024.09.23,875.39,0.0,0.0
2024.09.24,877.12,1.72,146992387.76
2024.09.25,877.12,0.0,0.0
2024.09.26,877.12,0.0,0.0
2024.09.27,871.94,-5.17,-439816087.91
2024.09.30,871.94,0.0,0.0
2024.10.01,874.82,2.87,246456950.8
2024.10.02,874.82,0.0,0.0
2024.10.03,877.4,2.59,220957668.52
2024.10.04,876.26,-1.15,-97784721.73
2024.10.07,876.26,0.0,0.0
2024.10.08,876.26,0.0,0.0
2024.10.09,876.26,0.0,0.0
2024.10.10,876.26,0.0,0.0
2024.10.11,877.98,1.72,147319968.71
2024.10.14,880.57,2.59,220158060.47
2024.10.15,884.59,4.02,344222988.27
2024.10.16,884.59,0.0,0.0
2024.10.17,884.59,0.0,0.0
2024.10.18,888.63,4.04,352485797.37
2024.10.21,891.79,3.16,276716584.81
2024.10.22,895.24,3.45,304208367.91
2024.10.23,893.8,-1.44,-125375661.39
2024.10.24,893.8,0.0,0.0
2024.10.25,889.78,-4.02,-354471128.27
2024.10.28,891.5,1.72,152022209.9
2024.10.29,889.78,-1.72,-153434301.25
2024.10.30,892.65,2.87,257577955.64
2024.10.31,891.79,-0.86,-75881032.65
2024.11.01,888.63,-3.16,-278258338.45
2024.11.04,888.63,0.0,0.0
2024.11.05,886.91,-1.72,-151864770.62
2024.11.06,883.46,-3.45,-295664870.65
2024.11.07,880.58,-2.87,-249230637.17
2024.11.08,876.85,-3.73,-322687480.0
2024.11.11,871.97,-4.88,-409977558.54
2024.11.12,870.53,-1.44,-120062722.0
2024.11.13,868.52,-2.01,-166844464.84
2024.11.14,867.37,-1.15,-94872593.49
2024.11.15,869.93,2.56,211070334.01
2024.11.18,871.65,1.72,144652542.13
2024.11.19,872.23,0.57,48521776.94
2024.11.20,875.39,3.16,269010692.09
2024.11.21,877.97,2.59,222084117.74
2024.11.22,877.97,0.0,0.0
2024.11.25,879.41,1.44,120820955.42
2024.11.26,879.41,0.0,0.0
2024.11.27,878.55,-0.86,-73130955.88
2024.11.29,878.55,0.0,0.0
2024.12.02,875.96,-2.58,-218965319.94
2024.12.03,873.66,-2.3,-195357585.22
2024.12.04,873.66,0.0,0.0
2024.12.05,871.94,-1.72,-145512227.05
2024.12.06,871.94,0.0,0.0
2024.12.09,870.79,-1.15,-98407877.95
2024.12.10,870.79,0.0,0.0
2024.12.11,873.38,2.58,227163092.05
2024.12.12,868.5,-4.88,-421813740.63
2024.12.13,863.9,-4.59,-392343177.92
2024.12.16,864.19,0.29,24478174.64
2024.12.17,864.19,0.0,0.0
2024.12.18,863.9,-0.29,-24340036.17
2024.12.19,860.74,-3.16,-263237956.89
2024.12.20,877.4,16.65,1407513047.09
2024.12.23,873.95,-3.45,-289383232.72
2024.12.24,873.95,0.0,0.0
2024.12.26,872.8,-1.15,-97436398.79
2024.12.27,872.52,-0.29,-24159451.27
2024.12.30,872.52,0.0,0.0
2024.12.31,872.52,0.0,0.0
2025.01.02,872.52,0.0,0.0
2025.01.03,871.08,-1.44,-122071511.0
2025.01.06,871.08,0.0,0.0
2025.01.07,871.08,0.0,0.0
2025.01.08,871.08,0.0,0.0
2025.01.10,876.82,5.74,499973499.04
2025.01.13,874.52,-2.3,-197397979.44
2025.01.14,872.52,-2.01,-172979673.3
2025.01.15,872.52,0.0,0.0
2025.01.16,868.78,-3.73,-329510396.28
2025.01.17,879.12,10.33,911782357.26
2025.01.21,871.66,-7.46,-660877499.7
2025.01.22,869.36,-2.3,-204328566.41
2025.01.23,864.19,-5.17,-458986459.69
2025.01.24,860.17,-4.02,-358821167.34
2025.01.27,857.02,-3.16,-277880613.75
2025.01.28,861.04,4.02,357448044.56
2025.01.29,865.34,4.31,383294404.96
2025.01.30,864.19,-1.15,-104200599.9
2025.01.31,864.77,0.57,51906093.75
2025.02.03,865.63,0.86,78449093.98
2025.02.04,863.05,-2.58,-236956382.77
2025.02.05,864.19,1.15,105988634.62
2025.02.06,864.19,0.0,0.0
2025.02.07,868.5,4.3,396853652.36
2025.02.10,871.08,2.58,242008342.94
2025.02.11,871.94,0.86,80618640.75
2025.02.12,866.5,-5.44,-508990057.2
2025.02.13,864.2,-2.3,-215967489.14
2025.02.14,863.06,-1.15,-106421481.98
2025.02.18,869.94,6.89,649129639.57
2025.02.19,877.98,8.03,754158417.26
2025.02.20,883.72,5.74,542479627.2
2025.02.21,904.38,20.66,1951311352.1
2025.02.24,907.53,3.16,299152380.95
2025.02.25,907.82,0.29,26795000.03
2025.02.26,906.96,-0.86,-80724308.1
2025.02.27,906.1,-0.86,-79793337.11
2025.02.28,904.38,-1.72,-157016003.29
2025.03.03,900.93,-3.44,-319934498.66
2025.03.04,901.8,0.86,80519865.76
2025.03.05,900.36,-1.43,-134461305.49
2025.03.06,898.64,-1.72,-161423898.96
2025.03.07,894.34,-4.3,-401909244.45
2025.03.10,891.75,-2.58,-239999574.01
2025.03.11,895.2,3.44,322420297.14
2025.03.12,898.64,3.44,325317115.85
2025.03.13,905.81,7.17,688164222.11
2025.03.14,906.41,0.6,57708117.46
2025.03.17,907.27,0.86,83010660.0
2025.03.18,907.27,0.0,0.0
2025.03.19,909.28,2.01,196005408.88
2025.03.20,910.43,1.15,112153200.0
2025.03.21,930.51,20.08,1948581971.94
2025.03.24,929.07,-1.43,-138944621.48
2025.03.25,929.36,0.29,27886435.64
2025.03.26,929.36,0.0,0.0
2025.03.27,929.65,0.29,28222479.84
2025.03.28,931.94,2.29,227718235.34
2025.03.31,933.38,1.43,143993653.06
2025.04.01,931.37,-2.01,-201337495.48
2025.04.02,931.94,0.57,57911623.02
2025.04.03,936.24,4.3,428398006.69
2025.04.04,932.8,-3.44,-333306112.8
2025.04.07,926.78,-6.02,-571509190.52
2025.04.08,925.92,-0.86,-82116330.7
2025.04.09,937.09,11.17,1097924906.53
2025.04.10,949.71,12.62,1280148516.96
2025.04.11,953.15,3.44,356542256.78
2025.04.14,953.15,0.0,0.0
2025.04.15,953.15,0.0,0.0
2025.04.16,957.17,4.02,429421758.25
2025.04.17,952.29,-4.88,-518628758.16
2025.04.21,959.17,6.88,753724504.25
2025.04.22,947.7,-11.47,-1254212473.4
2025.04.23,949.14,1.43,151033697.27
2025.04.24,948.56,-0.57,-61440114.12
2025.04.25,946.27,-2.29,-242098787.93
2025.04.28,946.27,0.0,0.0
2025.04.29,947.13,0.86,91790044.23
2025.04.30,944.26,-2.87,-304691056.7
2025.05.01,945.41,1.15,118370836.5
2025.05.02,944.26,-1.15,-119177537.02
2025.05.05,939.39,-4.87,-518931082.53
2025.05.06,937.95,-1.43,-157241485.13
2025.05.07,937.67,-0.29,-31171401.19
2025.05.08,939.67,2.01,212724395.67
2025.05.09,937.94,-1.73,-185956749.64
2025.05.12,939.09,1.15,118726294.4
2025.05.13,936.51,-2.58,-268815227.24
2025.05.14,931.92,-4.59,-469200938.35
2025.05.15,927.62,-4.3,-445304796.8
2025.05.16,918.73,-8.89,-909227893.82
2025.05.19,921.03,2.29,238090748.24
2025.05.20,921.6,0.57,60469674.36
2025.05.21,919.88,-1.72,-183011275.32
2025.05.22,923.89,4.01,424827533.71
2025.05.23,922.46,-1.43,-155008920.53
2025.05.27,922.46,0.0,0.0
2025.05.28,925.61,3.15,333903135.87
2025.05.29,930.2,4.59,489137789.17
2025.05.30,930.2,0.0,0.0
2025.06.02,933.07,2.87,310630123.22
2025.06.03,935.64,2.58,277870944.27
2025.06.04,935.64,0.0,0.0
2025.06.05,935.64,0.0,0.0
2025.06.06,934.21,-1.43,-153100610.51
2025.06.09,936.22,2.01,214939615.87
2025.06.10,935.91,-0.31,-33167819.86
2025.06.11,934.19,-1.72,-183633185.11
2025.06.12,937.91,3.73,405008074.38
2025.06.13,940.49,2.58,284559122.25
2025.06.16,941.93,1.43,156479615.58
2025.06.17,945.94,4.01,436873715.49
2025.06.18,947.37,1.43,156172054.32
2025.06.20,950.24,2.87,310337450.3
2025.06.23,957.4,7.16,778030046.51
2025.06.24,955.68,-1.72,-183390577.31
2025.06.25,953.39,-2.29,-245233428.2
2025.06.26,953.39,0.0,0.0
2025.06.27,954.82,1.43,150806949.43
2025.06.30,952.53,-2.29,-242809231.47
2025.07.01,948.23,-4.3,-461110678.47
2025.07.02,947.66,-0.57,-61688875.32
2025.07.03,947.66,0.0,0.0
2025.07.07,947.66,0.0,0.0
2025.07.08,946.51,-1.15,-121858551.69
2025.07.09,947.37,0.86,91519843.92
2025.07.10,948.8,1.43,152798842.37
2025.07.11,947.64,-1.17,-126161168.32
2025.07.14,947.64,0.0,0.0
2025.07.15,947.64,0.0,0.0
2025.07.16,950.79,3.15,339693135.3
2025.07.17,948.5,-2.29,-246133011.63
2025.07.18,943.62,-4.87,-525048013.56
2025.07.21,947.06,3.44,376015670.26
2025.07.22,954.8,7.74,855303474.6
2025.07.23,954.8,0.0,0.0
2025.07.24,957.09,2.29,248391595.64
2025.07.25,957.09,0.0,0.0
2025.07.28,956.23,-0.86,-91431957.88
2025.07.29,956.23,0.0,0.0
2025.07.30,955.37,-0.86,-91062493.94
2025.07.31,954.51,-0.86,-90989566.85
2025.08.01,953.08,-1.43,-154158067.67
2025.08.04,954.8,1.72,186459620.33
2025.08.05,955.94,1.15,124581278.76
2025.08.06,952.79,-3.15,-342402112.0
2025.08.07,959.09,6.3,688910514.75
2025.08.08,959.64,0.54,59904618.48
2025.08.11,964.22,4.58,494049423.27
2025.08.12,964.22,0.0,0.0
2025.08.13,964.22,0.0,0.0
2025.08.14,961.35,-2.86,-307122221.02
2025.08.15,965.36,4.01,430069380.48
2025.08.18,965.36,0.0,0.0
2025.08.19,962.21,-3.15,-335607715.58
2025.08.20,958.2,-4.01,-431000021.79
2025.08.21,956.77,-1.43,-153627567.97
2025.08.22,956.77,0.0,0.0
2025.08.25,958.49,1.72,186383491.94
2025.08.26,959.92,1.43,155999627.26
2025.08.27,962.5,2.58,282122289.23
2025.08.28,967.94,5.44,600344858.57
2025.08.29,977.68,9.74,1087407866.4
2025.09.02,990.56,12.89,1470524259.21
2025.09.03,984.26,-6.3,-727791151.87
2025.09.04,981.97,-2.29,-262630123.75
2025.09.05,981.97,0.0,0.0
2025.09.08,979.68,-2.29,-267945781.14
2025.09.09,979.68,0.0,0.0
2025.09.10,979.95,0.27,31866562.09
2025.09.11,977.95,-2.0,-234367830.59
2025.09.12,974.8,-3.15,-369554364.46
2025.09.15,976.8,2.0,237276877.61
2025.09.16,979.95,3.15,373538668.11
2025.09.17,975.66,-4.29,-508384644.37
2025.09.18,975.66,0.0,0.0
2025.09.19,994.56,18.9,2230583734.16
2025.09.22,1000.57,6.01,723086801.94
2025.09.23,1000.57,0.0,0.0
2025.09.24,996.85,-3.72,-446587389.6
2025.09.25,996.85,0.0,0.0
2025.09.26,1005.72,8.88,1077243285.37
2025.09.29,1011.73,6.01,738538532.57
2025.09.30,1012.88,1.15,141405122.26
2025.10.01,1018.89,6.01,747532135.35
2025.10.02,1015.74,-3.15,-388745813.92
2025.10.03,1014.88,-0.86,-107155292.67
2025.10.06,1013.16,-1.72,-218043356.27
2025.10.07,1013.15,-0.01,-1633070.36
2025.10.08,1014.58,1.43,186061953.5
2025.10.09,1013.44,-1.15,-145276959.0
2025.10.10,1017.16,3.72,475685808.89
2025.10.13,1018.88,1.72,226868351.5
2025.10.14,1021.45,2.58,342792230.7
2025.10.15,1022.6,1.14,153757031.84
2025.10.16,1034.62,12.02,1654361535.69
2025.10.17,1047.21,12.59,1696555246.31
2025.10.20,1058.66,11.45,1596202785.65
2025.10.21,1058.66,0.0,0.0
2025.10.22,1052.37,-6.3,-818768497.79
2025.10.23,1052.37,0.0,0.0
2025.10.24,1046.93,-5.44,-720041847.18
2025.10.27,1038.92,-8.01,-1031054373.16
2025.10.28,1038.92,0.0,0.0
2025.10.29,1036.05,-2.86,-366552024.26
2025.10.30,1040.35,4.29,552250589.87
2025.10.31,1039.2,-1.14,-146562440.06
2025.11.03,1041.78,2.58,331253926.22
2025.11.04,1038.63,-3.15,-399535145.3
2025.11.05,1038.63,0.0,0.0
2025.11.06,1040.35,1.72,219701737.73
2025.11.07,1042.06,1.72,220775993.24
2025.11.10,1042.06,0.0,0.0
2025.11.11,1046.36,4.29,566744779.65
2025.11.12,1046.64,0.29,38680563.19
2025.11.13,1048.93,2.29,308154953.56
2025.11.14,1044.0,-4.93,-647481128.47
2025.11.17,1041.43,-2.58,-336834861.86
2025.11.18,1041.43,0.0,0.0
2025.11.19,1043.72,2.29,300094739.53
2025.11.20,1039.43,-4.29,-559745076.8
2025.11.21,1040.57,1.14,150006862.91
2025.11.24,1040.86,0.29,37640323.31
2025.11.25,1040.86,0.0,0.0
2025.11.26,1045.43,4.58,613022377.23
2025.11.28,1045.43,0.0,0.0
2025.12.01,1050.01,4.58,623898345.76
2025.12.02,1048.3,-1.72,-231050462.98
2025.12.03,1046.58,-1.72,-231748731.99
2025.12.04,1050.58,4.01,542350302.0
2025.12.05,1050.25,-0.33,-44599064.37
2025.12.08,1049.11,-1.14,-154045839.03
2025.12.09,1047.97,-1.14,-154761597.56
2025.12.10,1046.82,-1.14,-154380936.37
2025.12.11,1050.83,4.0,551800337.18
2025.12.12,1053.11,2.29,316386271.83
2025.12.15,1051.68,-1.43,-198038225.11
2025.12.16,1051.68,0.0,0.0
2025.12.17,1052.54,0.86,119946090.33
2025.12.18,1052.54,0.0,0.0
2025.12.19,1052.54,0.0,0.0
2025.12.22,1064.56,12.01,1716663763.29
2025.12.23,1064.56,0.0,0.0
2025.12.24,1068.27,3.72,535642031.04
2025.12.26,1071.13,2.86,416483182.34
2025.12.29,1071.99,0.86,119312081.54
2025.12.30,1071.99,0.0,0.0
2025.12.31,1070.56,-1.43,-198871670.55
2026.01.02,1065.13,-5.43,-753741841.94
2026.01.05,1065.13,0.0,0.0
2026.01.06,1067.13,2.0,288485475.6
2026.01.07,1067.13,0.0,0.0
2026.01.08,1067.13,0.0,0.0
2026.01.09,1064.56,-2.57,-371568177.76
2026.01.12,1070.8,6.24,923866476.62
2026.01.13,1074.23,3.43,506319803.21
2026.01.14,1074.23,0.0,0.0
2026.01.15,1074.8,0.57,84883043.59
2026.01.16,1085.67,10.87,1603013300.83
2026.01.20,1081.66,-4.0,-612596039.19
2026.01.21,1077.66,-4.0,-621884959.6
2026.01.22,1079.66,2.0,315893784.87
2026.01.23,1086.53,6.86,1097929055.58
2026.01.26,1086.53,0.0,0.0
2026.01.27,1087.38,0.86,140095816.26
2026.01.28,1089.96,2.57,438630375.83
2026.01.29,1086.53,-3.43,-586690137.58
2026.01.30,1087.1,0.57,86664672.59
2026.02.02,1087.1,0.0,0.0
2026.02.03,1083.38,-3.72,-585974078.69
2026.02.04,1081.95,-1.43,-226140743.04
2026.02.05,1077.95,-4.0,-625588176.93
2026.02.06,1076.23,-1.72,-273060869.3
2026.02.09,1079.66,3.43,557104561.5
2026.02.10,1079.32,-0.34,-54974947.09
2026.02.11,1081.32,2.0,326302540.86
2026.02.12,1076.18,-5.15,-814584936.71
2026.02.13,1077.03,0.86,138472911.72
2026.02.17,1075.61,-1.43,-224384924.62
2026.02.18,1075.61,0.0,0.0
2026.02.19,1078.75,3.14,503040590.99
2026.02.20,1078.75,0.0,0.0
2026.02.23,1086.47,7.72,1291465316.28
2026.02.24,1094.19,7.72,1279313194.2
2026.02.25,1097.62,3.43,574159542.48
2026.02.26,1097.9,0.29,47571258.53
2026.02.27,1101.33,3.43,576805626.87
2026.03.02,1101.33,0.0,0.0
2026.03.03,1099.04,-2.29,-375466009.31
2026.03.04,1081.04,-18.01,-2964195206.22
2026.03.05,1075.89,-5.14,-837820291.71
2026.03.06,1073.32,-2.57,-425588550.47
2026.03.09,1070.71,-2.61,-427924129.45
2026.03.10,1073.57,2.86,480536755.12
2026.03.11,1077.28,3.72,617248760.4
2026.03.12,1075.85,-1.43,-235029869.99
2026.03.13,1071.56,-4.29,-696356012.62
2026.03.16,1070.71,-0.86,-137653916.84
2026.03.17,1069.56,-1.14,-183793951.44
2026.03.18,1066.99,-2.57,-404342644.49
2026.03.19,1062.13,-4.86,-718571217.66
2026.03.20,1056.99,-5.14,-755819554.75
2026.03.23,1052.7,-4.29,-606908203.06
2026.03.24,1052.99,0.29,40415883.38
2026.03.25,1052.42,-0.57,-83596884.16
2026.03.26,1052.7,0.29,40196449.61
2026.03.27,1049.56,-3.14,-453930255.68
2026.03.30,1046.13,-3.43,-498929312.76
2026.03.31,1047.28,1.14,170777181.01
2026.04.01,1050.99,3.71,571219142.4
2026.04.02,1050.99,0.0,0.0
2026.04.06,1054.42,3.43,513313128.33
2026.04.07,1054.42,0.0,0.0
2026.04.08,1052.99,-1.43,-218136365.86
2026.04.09,1052.42,-0.57,-88037797.32
2026.04.10,1052.42,0.0,0.0
2026.04.13,1047.19,-5.23,-796930473.89
2026.04.14,1049.48,2.29,354542688.75
2026.04.15,1051.76,2.29,352702128.0
2026.04.16,1052.91,1.14,175812577.61
2026.04.17,1060.62,7.71,1204629836.19
2026.04.20,1059.76,-0.86,-132437838.67
2026.04.21,1055.48,-4.28,-647274545.72
2026.04.22,1050.91,-4.57,-695428381.2
2026.04.23,1049.19,-1.71,-259272611.79
2026.04.24,1046.62,-2.57,-390326176.54
2026.04.27,1044.34,-2.29,-343499059.36
2026.04.28,1040.91,-3.43,-505992620.75
2026.04.29,1039.2,-1.71,-250441667.06
2026.04.30,1035.77,-3.43,-508540007.67
2026.05.01,1035.77,0.0,0.0
2026.05.04,1035.77,0.0,0.0
2026.05.05,1034.05,-1.71,-251010036.24
2026.05.06,1033.2,-0.86,-128978898.09
2026.05.07,1033.48,0.29,43156992.66
2026.05.08,1034.0,0.51,77797477.24
2026.05.11,1036.28,2.28,346629110.17
2026.05.12,1038.28,2.0,300654944.75
2026.05.13,1039.99,1.71,258808799.64
2026.05.14,1039.99,0.0,0.0
2026.05.15,1037.42,-2.57,-376476535.07
2026.05.18,1038.85,1.43,208995578.18
2026.05.19,1036.85,-2.0,-289620474.27
2026.05.20,1036.85,0.0,0.0
2026.05.21,1037.71,0.86,125043110.87
2026.05.22,1034.85,-2.86,-415079746.29
2026.05.26,1034.85,0.0,0.0
2026.05.27,1034.85,0.0,0.0
2026.05.28,1032.57,-2.28,-330446304.9
2026.05.29,1029.14,-3.43,-502410629.25
2026.06.01,1028.86,-0.29,-41082785.31
2026.06.02,1028.0,-0.86,-123630400.27
2026.06.03,1026.86,-1.14,-162913812.12
2026.06.04,1025.14,-1.71,-246522711.72
2026.06.05,1019.92,-5.22,-728358928.54
2026.06.08,1019.92,0.0,0.0
2026.06.09,1016.49,-3.43,-469241726.4
2026.06.10,1013.64,-2.86,-377095146.82
2026.06.11,1013.64,0.0,0.0
2026.06.12,1013.64,0.0,0.0
2026.06.15,1012.21,-1.43,-198625899.44
2026.06.16,1012.21,0.0,0.0
2026.06.17,1013.07,0.86,120023703.66
2026.06.18,1020.49,7.42,1008021083.67
2026.06.22,1022.2,1.71,230285852.85
2026.06.23,1017.64,-4.57,-606450690.87
2026.06.24,1013.35,-4.28,-549319428.93
2026.06.25,1007.08,-6.28,-813774918.41
2026.06.26,1005.08,-2.0,-262023312.03
2026.06.29,1005.08,0.0,0.0
2026.06.30,1005.08,0.0,0.0
2026.07.01,1005.36,0.29,37334504.77
2026.07.02,1001.37,-4.0,-528383023.53
2026.07.06,1002.79,1.43,190645507.66
2026.07.07,1002.51,-0.29,-38038804.77
2026.07.08,1002.51,0.0,0.0
2026.07.09,1005.65,3.14,416932984.34
2026.07.10,1002.45,-3.2,-422065818.21
2026.07.13,1002.45,0.0,0.0
2026.07.14,1004.45,2.0,260841454.06
2026.07.15,1001.88,-2.57,-333951619.32
2026.07.16,1001.88,0.0,0.0
2026.07.17,999.02,-2.85,-368176335.7
2026.07.20,1003.59,4.57,588710763.87
2026.07.21,1005.87,2.28,298815612.42
2026.07.22,1007.87,2.0,266330457.86
2026.07.23,1009.3,1.43,185631628.65
2026.07.24,1009.3,0.0,0.0
2026.07.27,1009.3,0.0,0.0
2026.07.28,1008.73,-0.57,-74059446.0
2026.07.29,1009.3,0.57,74029158.87
2026.07.30,1007.87,-1.43,-188072411.5
2026.07.31,1007.01,-0.86,-111437794.23
2026.08.03,1005.87,-1.14,-148013796.12
2026.08.04,1009.3,3.42,450830876.85
2026.08.05,1014.15,4.85,662132012.5
2026.08.06,1014.72,0.57,77827761.9
2026.08.07,1017.54,2.82,393258409.04
2026.08.10,1020.96,3.42,480135930.76
2026.08.11,1022.67,1.71,241232518.26
2026.08.12,1025.81,3.14,444868537.42
2026.08.13,1023.24,-2.57,-360239100.59
2026.08.14,1023.53,0.29,40180269.4
2026.08.17,1030.66,7.13,1013049958.48
2026.08.18,1025.24,-5.42,-760882117.72
2026.08.19,1034.65,9.41,1358872123.89
2026.08.20,1038.93,4.28,621363908.2
2026.08.21,1047.21,8.27,1229969748.93
2026.08.24,1049.49,2.28,340517525.47
2026.08.25,1048.35,-1.14,-170157421.71
2026.08.26,1045.5,-2.85,-421729816.61
2026.08.27,1046.64,1.14,169111369.17
2026.08.28,1042.36,-4.28,-616056126.38
2026.08.31,1042.36,0.0,0.0
2026.09.01,1046.64,4.28,598122576.12
2026.09.02,1056.62,9.98,1401481157.46
2026.09.03,1053.48,-3.14,-453113777.22
2026.09.04,1052.06,-1.43,-203119344.66
2026.09.08,1050.63,-1.43,-201464133.22
2026.09.09,1050.63,0.0,0.0
2026.09.10,1050.28,-0.35,-49466457.39
2026.09.11,1047.42,-2.85,-400373833.96
